ind,site,meta
93,SRC,Big Sandy / Rush Creeks
94,SRC,Big Sandy / Rush Creeks
95,SRC,Big Sandy / Rush Creeks
96,SRC,Big Sandy / Rush Creeks
97,SRC,Big Sandy / Rush Creeks
99,SRC,Big Sandy / Rush Creeks
100,SRC,Big Sandy / Rush Creeks
104,SRC,Big Sandy / Rush Creeks
105,SRC,Big Sandy / Rush Creeks
125,HPSWA,Hugo Ponds Hatchery Population
126,HPSWA,Hugo Ponds Hatchery Population
127,HPSWA,Hugo Ponds Hatchery Population
128,HPSWA,Hugo Ponds Hatchery Population
129,HPSWA,Hugo Ponds Hatchery Population
164,VDRW,Middle Arkansas River
166,VDRW,Middle Arkansas River
167,VDRW,Middle Arkansas River
170,VDRW,Middle Arkansas River
173,VDRW,Middle Arkansas River
175,VDRW,Middle Arkansas River
178,VDRW,Middle Arkansas River
180,VDRW,Middle Arkansas River
194,WHC,Middle Arkansas River
197,WHC,Middle Arkansas River
198,WHC,Middle Arkansas River
199,WHC,Middle Arkansas River
201,WHC,Middle Arkansas River
202,WHC,Middle Arkansas River
203,WHC,Middle Arkansas River
204,WHC,Middle Arkansas River
206,WHC,Middle Arkansas River
207,WHC,Middle Arkansas River
297,WMVD,Middle Arkansas River
300,WMVD,Middle Arkansas River
301,WMVD,Middle Arkansas River
302,WMVD,Middle Arkansas River
306,WMVD,Middle Arkansas River
308,WMVD,Middle Arkansas River
309,WMVD,Middle Arkansas River
370,USBC,Middle Arkansas River
371,USBC,Middle Arkansas River
372,USBC,Middle Arkansas River
375,USBC,Middle Arkansas River
377,USBC,Middle Arkansas River
381,USBC,Middle Arkansas River
382,USBC,Middle Arkansas River
383,USBC,Middle Arkansas River
385,USBC,Middle Arkansas River
386,USBC,Middle Arkansas River
432,RC2,Big Sandy / Rush Creeks
433,RC2,Big Sandy / Rush Creeks
434,RC2,Big Sandy / Rush Creeks
436,RC2,Big Sandy / Rush Creeks
437,RC2,Big Sandy / Rush Creeks
439,RC2,Big Sandy / Rush Creeks
441,RC2,Big Sandy / Rush Creeks
443,RC2,Big Sandy / Rush Creeks
491,UTFC2,Upper Arkansas River
492,UTFC2,Upper Arkansas River
493,UTFC2,Upper Arkansas River
494,UTFC2,Upper Arkansas River
495,UTFC2,Upper Arkansas River
522,BSQ,Upper Arkansas River
523,BSQ,Upper Arkansas River
524,BSQ,Upper Arkansas River
525,BSQ,Upper Arkansas River
526,BSQ,Upper Arkansas River
552,BSQ,Upper Arkansas River
553,BSQ,Upper Arkansas River
554,BSQ,Upper Arkansas River
555,BSQ,Upper Arkansas River
556,BSQ,Upper Arkansas River
647,HCR,Big Sandy / Rush Creeks
648,HCR,Big Sandy / Rush Creeks
649,HCR,Big Sandy / Rush Creeks
650,HCR,Big Sandy / Rush Creeks
651,HCR,Big Sandy / Rush Creeks
715,2008-24,North Fork Ninnescah River
716,2008-24,North Fork Ninnescah River
717,2008-24,North Fork Ninnescah River
718,2008-24,North Fork Ninnescah River
719,2008-24,North Fork Ninnescah River
720,2008-24,North Fork Ninnescah River
721,2008-24,North Fork Ninnescah River
722,2008-24,North Fork Ninnescah River
723,2008-24,North Fork Ninnescah River
724,2008-24,North Fork Ninnescah River
735,4THST,Lower Arkansas River
736,4THST,Lower Arkansas River
738,AMBER2,Medicine Lodge River
739,AMBER2,Medicine Lodge River
740,AMBER2,Medicine Lodge River
741,AMBER2,Medicine Lodge River
743,AMBER2,Medicine Lodge River
744,AMBER2,Medicine Lodge River
745,AMBER2,Medicine Lodge River
746,AMBER2,Medicine Lodge River
758,ARK10,Lower Arkansas River
759,ARK10,Lower Arkansas River
760,ARK10,Lower Arkansas River
761,ARK10,Lower Arkansas River
762,ARK10,Lower Arkansas River
763,ARK10,Lower Arkansas River
764,ARK10,Lower Arkansas River
765,ARK10,Lower Arkansas River
766,ARK10,Lower Arkansas River
767,ARK10,Lower Arkansas River
775,ARK11,Lower Arkansas River
776,ARK11,Lower Arkansas River
777,ARK11,Lower Arkansas River
778,ARK11,Lower Arkansas River
779,ARK11,Lower Arkansas River
780,ARK11,Lower Arkansas River
781,ARK11,Lower Arkansas River
782,ARK11,Lower Arkansas River
783,ARK11,Lower Arkansas River
784,ARK11,Lower Arkansas River
796,ARK13,Lower Arkansas River
797,ARK13,Lower Arkansas River
798,ARK13,Lower Arkansas River
799,ARK13,Lower Arkansas River
800,ARK13,Lower Arkansas River
801,ARK13,Lower Arkansas River
802,ARK13,Lower Arkansas River
803,ARK13,Lower Arkansas River
804,ARK13,Lower Arkansas River
805,ARK14,Lower Arkansas River
806,ARK14,Lower Arkansas River
807,ARK15,Lower Arkansas River
808,ARK15,Lower Arkansas River
809,ARK16,Lower Arkansas River
810,ARK16,Lower Arkansas River
811,ARK16,Lower Arkansas River
814,ARK16,Lower Arkansas River
815,ARK16,Lower Arkansas River
816,ARK16,Lower Arkansas River
817,ARK16,Lower Arkansas River
818,ARK16,Lower Arkansas River
820,ARK17,Lower Arkansas River
821,ARK17,Lower Arkansas River
822,ARK17,Lower Arkansas River
823,ARK17,Lower Arkansas River
824,ARK17,Lower Arkansas River
825,ARK17,Lower Arkansas River
826,ARK17,Lower Arkansas River
827,ARK17,Lower Arkansas River
828,ARK17,Lower Arkansas River
829,ARK18,Lower Arkansas River
830,ARK18,Lower Arkansas River
831,ARK18,Lower Arkansas River
833,ARK18,Lower Arkansas River
834,ARK18,Lower Arkansas River
835,ARK18,Lower Arkansas River
837,ARK18,Lower Arkansas River
838,ARK18,Lower Arkansas River
840,ARK19,Lower Arkansas River
841,ARK19,Lower Arkansas River
842,ARK19,Lower Arkansas River
843,ARK19,Lower Arkansas River
844,ARK19,Lower Arkansas River
845,ARK19,Lower Arkansas River
848,ARK22,Lower Arkansas River
849,ARK22,Lower Arkansas River
850,ARK22,Lower Arkansas River
851,ARK23,Lower Arkansas River
852,ARK23,Lower Arkansas River
855,ARK4,Lower Arkansas River
856,ARK4,Lower Arkansas River
857,ARK4,Lower Arkansas River
858,ARK4,Lower Arkansas River
859,ARK4,Lower Arkansas River
860,ARK5,Lower Arkansas River
861,ARK5,Lower Arkansas River
862,ARK6,Lower Arkansas River
863,ARK6,Lower Arkansas River
864,ARK6,Lower Arkansas River
865,ARK6,Lower Arkansas River
866,ARK6,Lower Arkansas River
867,ARK6,Lower Arkansas River
868,ARK6,Lower Arkansas River
869,ARK6,Lower Arkansas River
870,ARK6,Lower Arkansas River
871,ARK6,Lower Arkansas River
879,ARK7,Lower Arkansas River
880,ARK7,Lower Arkansas River
881,ARK7,Lower Arkansas River
882,ARK7,Lower Arkansas River
883,ARK7,Lower Arkansas River
884,ARK7,Lower Arkansas River
885,ARK7,Lower Arkansas River
886,ARK7,Lower Arkansas River
887,ARK7,Lower Arkansas River
898,ARK8,Lower Arkansas River
899,ARK8,Lower Arkansas River
900,ARK8,Lower Arkansas River
901,ARK8,Lower Arkansas River
903,ARK8,Lower Arkansas River
904,ARK8,Lower Arkansas River
905,ARK8,Lower Arkansas River
906,ARK8,Lower Arkansas River
907,ARK8,Lower Arkansas River
919,ARK9,Lower Arkansas River
920,ARK9,Lower Arkansas River
921,ARK9,Lower Arkansas River
922,ARK9,Lower Arkansas River
923,ARK9,Lower Arkansas River
924,ARK9,Lower Arkansas River
925,ARK9,Lower Arkansas River
926,ARK9,Lower Arkansas River
927,ARK9,Lower Arkansas River
933,BIGSAND,Cimarron River
934,BIGSAND,Cimarron River
935,BIGSAND,Cimarron River
936,BLUFF,Cimarron River
937,BLUFF,Cimarron River
938,BLUFF,Cimarron River
939,BLUFF,Cimarron River
940,BLUFF,Cimarron River
941,BLUFF,Cimarron River
942,BLUFF,Cimarron River
943,BLUFF,Cimarron River
944,BLUFF160,Cimarron River
945,BLUFF160,Cimarron River
946,BLUFF160,Cimarron River
947,BLUFF160,Cimarron River
948,BLUFFTW,Cimarron River
949,BLUFFTW,Cimarron River
950,BLUFFTW,Cimarron River
951,BLUFFTW,Cimarron River
952,BLUFFTW,Cimarron River
953,BWWA1,South Fork Ninnescah River
955,BWWA1,South Fork Ninnescah River
956,BWWA1,South Fork Ninnescah River
957,BWWA1,South Fork Ninnescah River
958,BWWA1,South Fork Ninnescah River
960,BWWA1,South Fork Ninnescah River
973,BWWA10,South Fork Ninnescah River
974,BWWA10,South Fork Ninnescah River
975,BWWA10,South Fork Ninnescah River
976,BWWA10,South Fork Ninnescah River
977,BWWA10,South Fork Ninnescah River
978,BWWA10,South Fork Ninnescah River
979,BWWA10,South Fork Ninnescah River
980,BWWA10,South Fork Ninnescah River
981,BWWA10,South Fork Ninnescah River
982,BWWA10,South Fork Ninnescah River
993,BWWA11,South Fork Ninnescah River
994,BWWA11,South Fork Ninnescah River
995,BWWA11,South Fork Ninnescah River
996,BWWA11,South Fork Ninnescah River
997,BWWA11,South Fork Ninnescah River
998,BWWA11,South Fork Ninnescah River
999,BWWA11,South Fork Ninnescah River
1000,BWWA11,South Fork Ninnescah River
1001,BWWA11,South Fork Ninnescah River
1002,BWWA11,South Fork Ninnescah River
1013,BWWA12,South Fork Ninnescah River
1014,BWWA12,South Fork Ninnescah River
1015,BWWA12,South Fork Ninnescah River
1016,BWWA12,South Fork Ninnescah River
1017,BWWA12,South Fork Ninnescah River
1018,BWWA12,South Fork Ninnescah River
1020,BWWA12,South Fork Ninnescah River
1021,BWWA12,South Fork Ninnescah River
1022,BWWA12,South Fork Ninnescah River
1025,BWWA2,South Fork Ninnescah River
1026,BWWA2,South Fork Ninnescah River
1027,BWWA2,South Fork Ninnescah River
1028,BWWA2,South Fork Ninnescah River
1029,BWWA2,South Fork Ninnescah River
1030,BWWA2,South Fork Ninnescah River
1031,BWWA2,South Fork Ninnescah River
1032,BWWA2,South Fork Ninnescah River
1033,BWWA2,South Fork Ninnescah River
1034,BWWA2,South Fork Ninnescah River
1039,BWWA3,South Fork Ninnescah River
1040,BWWA3,South Fork Ninnescah River
1041,BWWA3,South Fork Ninnescah River
1042,BWWA3,South Fork Ninnescah River
1044,BWWA3,South Fork Ninnescah River
1045,BWWA3,South Fork Ninnescah River
1046,BWWA3,South Fork Ninnescah River
1047,BWWA3,South Fork Ninnescah River
1048,BWWA3,South Fork Ninnescah River
1059,BWWA4,South Fork Ninnescah River
1060,BWWA4,South Fork Ninnescah River
1061,BWWA4,South Fork Ninnescah River
1063,BWWA4,South Fork Ninnescah River
1064,BWWA4,South Fork Ninnescah River
1065,BWWA4,South Fork Ninnescah River
1066,BWWA4,South Fork Ninnescah River
1067,BWWA4,South Fork Ninnescah River
1068,BWWA4,South Fork Ninnescah River
1079,BWWA5,South Fork Ninnescah River
1080,BWWA5,South Fork Ninnescah River
1081,BWWA5,South Fork Ninnescah River
1082,BWWA5,South Fork Ninnescah River
1083,BWWA5,South Fork Ninnescah River
1084,BWWA5,South Fork Ninnescah River
1085,BWWA5,South Fork Ninnescah River
1086,BWWA5,South Fork Ninnescah River
1087,BWWA5,South Fork Ninnescah River
1088,BWWA5,South Fork Ninnescah River
1099,BWWA6,South Fork Ninnescah River
1100,BWWA6,South Fork Ninnescah River
1101,BWWA6,South Fork Ninnescah River
1102,BWWA6,South Fork Ninnescah River
1103,BWWA6,South Fork Ninnescah River
1104,BWWA6,South Fork Ninnescah River
1105,BWWA6,South Fork Ninnescah River
1106,BWWA6,South Fork Ninnescah River
1107,BWWA6,South Fork Ninnescah River
1108,BWWA6,South Fork Ninnescah River
1109,BWWA7,South Fork Ninnescah River
1110,BWWA7,South Fork Ninnescah River
1111,BWWA7,South Fork Ninnescah River
1112,BWWA7,South Fork Ninnescah River
1113,BWWA7,South Fork Ninnescah River
1114,BWWA7,South Fork Ninnescah River
1115,BWWA7,South Fork Ninnescah River
1116,BWWA7,South Fork Ninnescah River
1117,BWWA7,South Fork Ninnescah River
1118,BWWA7,South Fork Ninnescah River
1129,BWWA8,South Fork Ninnescah River
1130,BWWA8,South Fork Ninnescah River
1131,BWWA8,South Fork Ninnescah River
1132,BWWA8,South Fork Ninnescah River
1133,BWWA8,South Fork Ninnescah River
1134,BWWA8,South Fork Ninnescah River
1135,BWWA8,South Fork Ninnescah River
1136,BWWA8,South Fork Ninnescah River
1137,BWWA8,South Fork Ninnescah River
1138,BWWA8,South Fork Ninnescah River
1149,BWWA9,South Fork Ninnescah River
1150,BWWA9,South Fork Ninnescah River
1151,BWWA9,South Fork Ninnescah River
1152,BWWA9,South Fork Ninnescah River
1154,BWWA9,South Fork Ninnescah River
1155,BWWA9,South Fork Ninnescah River
1156,BWWA9,South Fork Ninnescah River
1157,BWWA9,South Fork Ninnescah River
1170,CAL160,Cimarron River
1171,CAL160,Cimarron River
1172,CAL160,Cimarron River
1173,CAL160,Cimarron River
1174,CAL160,Cimarron River
1175,CAL160,Cimarron River
1176,CAL160,Cimarron River
1177,CAL160,Cimarron River
1178,CAL160,Cimarron River
1185,CARYP,Lower Arkansas River
1186,CARYP,Lower Arkansas River
1187,CARYP,Lower Arkansas River
1189,CARYP,Lower Arkansas River
1190,CARYP,Lower Arkansas River
1191,CARYP,Lower Arkansas River
1192,CARYP,Lower Arkansas River
1193,CARYP,Lower Arkansas River
1194,CARYP,Lower Arkansas River
1198,CAV1,Cimarron River
1199,CAV1,Cimarron River
1200,CAV1,Cimarron River
1201,CAV1,Cimarron River
1202,CAV1,Cimarron River
1203,CAV1,Cimarron River
1204,CAV1,Cimarron River
1205,CAV1,Cimarron River
1206,CAV1,Cimarron River
1207,CAV1,Cimarron River
1218,CAV2,Cimarron River
1219,CAV2,Cimarron River
1220,CAV2,Cimarron River
1221,CAV2,Cimarron River
1222,CAV2,Cimarron River
1223,CAV2,Cimarron River
1224,CAV2,Cimarron River
1225,CAV2,Cimarron River
1226,CAV2,Cimarron River
1227,CCBS,Cimarron River
1228,CCBS,Cimarron River
1229,CCBS,Cimarron River
1230,CCBS,Cimarron River
1231,CCBS,Cimarron River
1232,CCDC,Lower Arkansas River
1233,CCDC,Lower Arkansas River
1234,CCDC,Lower Arkansas River
1235,CCDC,Lower Arkansas River
1236,CCDC,Lower Arkansas River
1238,CCDC,Lower Arkansas River
1239,CCDC,Lower Arkansas River
1240,CCDC,Lower Arkansas River
1241,CCDC,Lower Arkansas River
1244,CHIK1,Chikaskia River
1245,CHIK1,Chikaskia River
1246,CHIK1,Chikaskia River
1247,CHIK1,Chikaskia River
1248,CHIK1,Chikaskia River
1249,CHIK1,Chikaskia River
1250,CHIK10,Chikaskia River
1251,CHIK10,Chikaskia River
1252,CHIK10,Chikaskia River
1253,CHIK10,Chikaskia River
1255,CHIK10,Chikaskia River
1256,CHIK10,Chikaskia River
1257,CHIK10,Chikaskia River
1258,CHIK10,Chikaskia River
1259,CHIK10,Chikaskia River
1266,CHIK11,Chikaskia River
1267,CHIK11,Chikaskia River
1268,CHIK11,Chikaskia River
1269,CHIK11,Chikaskia River
1270,CHIK11,Chikaskia River
1273,CHIK11,Chikaskia River
1274,CHIK11,Chikaskia River
1275,CHIK11,Chikaskia River
1276,CHIK11,Chikaskia River
1277,CHIK11,Chikaskia River
1278,CHIK11,Chikaskia River
1280,CHIK11,Chikaskia River
1281,CHIK11,Chikaskia River
1282,CHIK11,Chikaskia River
1283,CHIK11,Chikaskia River
1284,CHIK11,Chikaskia River
1285,CHIK12,Chikaskia River
1286,CHIK12,Chikaskia River
1287,CHIK12,Chikaskia River
1288,CHIK13,Chikaskia River
1289,CHIK13,Chikaskia River
1290,CHIK13,Chikaskia River
1291,CHIK13,Chikaskia River
1292,CHIK13,Chikaskia River
1293,CHIK13,Chikaskia River
1294,CHIK13,Chikaskia River
1295,CHIK13,Chikaskia River
1296,CHIK13,Chikaskia River
1297,CHIK14,Chikaskia River
1298,CHIK14,Chikaskia River
1299,CHIK15,Chikaskia River
1300,CHIK15,Chikaskia River
1301,CHIK15,Chikaskia River
1302,CHIK16,Chikaskia River
1303,CHIK16,Chikaskia River
1304,CHIK16,Chikaskia River
1305,CHIK16,Chikaskia River
1306,CHIK16,Chikaskia River
1307,CHIK17,Chikaskia River
1308,CHIK17,Chikaskia River
1309,CHIK17,Chikaskia River
1310,CHIK17,Chikaskia River
1311,CHIK17,Chikaskia River
1312,CHIK17,Chikaskia River
1313,CHIK18,Chikaskia River
1314,CHIK18,Chikaskia River
1315,CHIK18,Chikaskia River
1316,CHIK18,Chikaskia River
1317,CHIK18,Chikaskia River
1318,CHIK19,Chikaskia River
1319,CHIK19,Chikaskia River
1320,CHIK19,Chikaskia River
1321,CHIK19,Chikaskia River
1322,CHIK19,Chikaskia River
1323,CHIK19,Chikaskia River
1324,CHIK19,Chikaskia River
1325,CHIK19,Chikaskia River
1326,CHIK2,Chikaskia River
1327,CHIK2,Chikaskia River
1328,CHIK2,Chikaskia River
1329,CHIK2,Chikaskia River
1330,CHIK2,Chikaskia River
1332,CHIK21,Chikaskia River
1333,CHIK21,Chikaskia River
1334,CHIK21,Chikaskia River
1335,CHIK22,Chikaskia River
1336,CHIK22,Chikaskia River
1337,CHIK22,Chikaskia River
1338,CHIK22,Chikaskia River
1340,CHIK23,Chikaskia River
1341,CHIK23,Chikaskia River
1342,CHIK23,Chikaskia River
1344,CHIK23,Chikaskia River
1349,CHIK23,Chikaskia River
1350,CHIK23,Chikaskia River
1351,CHIK23,Chikaskia River
1352,CHIK23,Chikaskia River
1354,CHIK23,Chikaskia River
1355,CHIK23,Chikaskia River
1356,CHIK23,Chikaskia River
1358,CHIK23,Chikaskia River
1359,CHIK24,Chikaskia River
1360,CHIK24,Chikaskia River
1361,CHIK25,Chikaskia River
1362,CHIK25,Chikaskia River
1363,CHIK25,Chikaskia River
1364,CHIK25,Chikaskia River
1365,CHIK25,Chikaskia River
1366,CHIK25,Chikaskia River
1367,CHIK25,Chikaskia River
1368,CHIK25,Chikaskia River
1369,CHIK26,Chikaskia River
1370,CHIK26,Chikaskia River
1371,CHIK26,Chikaskia River
1372,CHIK26,Chikaskia River
1373,CHIK26,Chikaskia River
1374,CHIK26,Chikaskia River
1375,CHIK26,Chikaskia River
1376,CHIK26,Chikaskia River
1377,CHIK27,Chikaskia River
1378,CHIK27,Chikaskia River
1379,CHIK27,Chikaskia River
1382,CHIK3,Chikaskia River
1383,CHIK3,Chikaskia River
1384,CHIK3,Chikaskia River
1385,CHIK3,Chikaskia River
1386,CHIK3,Chikaskia River
1387,CHIK3,Chikaskia River
1388,CHIK4,Chikaskia River
1389,CHIK4,Chikaskia River
1390,CHIK4,Chikaskia River
1391,CHIK4,Chikaskia River
1393,CHIK4,Chikaskia River
1394,CHIK4,Chikaskia River
1395,CHIK4,Chikaskia River
1396,CHIK4,Chikaskia River
1397,CHIK4,Chikaskia River
1398,CHIK5,Chikaskia River
1399,CHIK5,Chikaskia River
1400,CHIK6,Chikaskia River
1401,CHIK6,Chikaskia River
1402,CHIK6,Chikaskia River
1403,CHIK6,Chikaskia River
1405,CHIK6,Chikaskia River
1406,CHIK6,Chikaskia River
1407,CHIK6,Chikaskia River
1408,CHIK6,Chikaskia River
1409,CHIK6,Chikaskia River
1410,CHIK6,Chikaskia River
1411,CHIK6,Chikaskia River
1412,CHIK6,Chikaskia River
1414,CHIK6,Chikaskia River
1415,CHIK6,Chikaskia River
1416,CHIK6,Chikaskia River
1417,CHIK6,Chikaskia River
1418,CHIK6,Chikaskia River
1419,CHIK6,Chikaskia River
1420,CHIK7,Chikaskia River
1421,CHIK7,Chikaskia River
1422,CHIK7,Chikaskia River
1424,CHIK7,Chikaskia River
1425,CHIK7,Chikaskia River
1426,CHIK7,Chikaskia River
1427,CHIK7,Chikaskia River
1428,CHIK7,Chikaskia River
1429,CHIK7,Chikaskia River
1436,CHIK8,Chikaskia River
1437,CHIK8,Chikaskia River
1438,CHIK8,Chikaskia River
1439,CHIK8,Chikaskia River
1440,CHIK8,Chikaskia River
1441,CHIK8,Chikaskia River
1442,CHIK8,Chikaskia River
1443,CHIK8,Chikaskia River
1444,CHIK8,Chikaskia River
1455,CHIK9,Chikaskia River
1456,CHIK9,Chikaskia River
1457,CHIK9,Chikaskia River
1458,CHIK9,Chikaskia River
1460,CHIK9,Chikaskia River
1461,CHIK9,Chikaskia River
1462,CHIK9,Chikaskia River
1463,CHIK9,Chikaskia River
1472,CHN1,North Fork Ninnescah River
1473,CHN1,North Fork Ninnescah River
1474,CHN1,North Fork Ninnescah River
1476,CHN1,North Fork Ninnescah River
1477,CHN1,North Fork Ninnescah River
1478,CHN1,North Fork Ninnescah River
1479,CHN1,North Fork Ninnescah River
1480,CHN1,North Fork Ninnescah River
1481,CHN1,North Fork Ninnescah River
1482,CHN10,North Fork Ninnescah River
1483,CHN10,North Fork Ninnescah River
1484,CHN10,North Fork Ninnescah River
1485,CHN10,North Fork Ninnescah River
1486,CHN10,North Fork Ninnescah River
1487,CHN10,North Fork Ninnescah River
1488,CHN2,North Fork Ninnescah River
1489,CHN2,North Fork Ninnescah River
1490,CHN2,North Fork Ninnescah River
1491,CHN2,North Fork Ninnescah River
1492,CHN2,North Fork Ninnescah River
1493,CHN2,North Fork Ninnescah River
1494,CHN2,North Fork Ninnescah River
1495,CHN2,North Fork Ninnescah River
1496,CHN2,North Fork Ninnescah River
1497,CHN2,North Fork Ninnescah River
1509,CHN3,North Fork Ninnescah River
1510,CHN3,North Fork Ninnescah River
1511,CHN3,North Fork Ninnescah River
1512,CHN3,North Fork Ninnescah River
1513,CHN3,North Fork Ninnescah River
1514,CHN3,North Fork Ninnescah River
1515,CHN3,North Fork Ninnescah River
1516,CHN3,North Fork Ninnescah River
1517,CHN3,North Fork Ninnescah River
1528,CHN4,North Fork Ninnescah River
1529,CHN4,North Fork Ninnescah River
1530,CHN4,North Fork Ninnescah River
1531,CHN4,North Fork Ninnescah River
1532,CHN4,North Fork Ninnescah River
1533,CHN4,North Fork Ninnescah River
1534,CHN5,North Fork Ninnescah River
1535,CHN5,North Fork Ninnescah River
1536,CHN5,North Fork Ninnescah River
1537,CHN5,North Fork Ninnescah River
1538,CHN5,North Fork Ninnescah River
1539,CHN5,North Fork Ninnescah River
1541,CHN5,North Fork Ninnescah River
1542,CHN5,North Fork Ninnescah River
1543,CHN5,North Fork Ninnescah River
1544,CHN6,North Fork Ninnescah River
1545,CHN6,North Fork Ninnescah River
1546,CHN6,North Fork Ninnescah River
1547,CHN6,North Fork Ninnescah River
1548,CHN6,North Fork Ninnescah River
1549,CHN6,North Fork Ninnescah River
1550,CHN6,North Fork Ninnescah River
1551,CHN6,North Fork Ninnescah River
1552,CHN6,North Fork Ninnescah River
1553,CHN6,North Fork Ninnescah River
1564,CHN7,North Fork Ninnescah River
1565,CHN7,North Fork Ninnescah River
1566,CHN7,North Fork Ninnescah River
1567,CHN7,North Fork Ninnescah River
1568,CHN7,North Fork Ninnescah River
1569,CHN7,North Fork Ninnescah River
1570,CHN7,North Fork Ninnescah River
1571,CHN7,North Fork Ninnescah River
1572,CHN7,North Fork Ninnescah River
1576,CHN8,North Fork Ninnescah River
1577,CHN8,North Fork Ninnescah River
1578,CHN8,North Fork Ninnescah River
1579,CHN9,North Fork Ninnescah River
1580,CHN9,North Fork Ninnescah River
1581,CHN9,North Fork Ninnescah River
1582,CHN9,North Fork Ninnescah River
1583,CHN9,North Fork Ninnescah River
1584,CHN9,North Fork Ninnescah River
1585,CHN9,North Fork Ninnescah River
1586,CHN9,North Fork Ninnescah River
1587,CHN9,North Fork Ninnescah River
1588,CHN9,North Fork Ninnescah River
1599,CIM1,Cimarron River
1600,CIM1,Cimarron River
1601,CIM1,Cimarron River
1602,CIM1,Cimarron River
1603,CIM1,Cimarron River
1604,CIM1,Cimarron River
1605,CIM1,Cimarron River
1606,CIM1,Cimarron River
1607,CIM1,Cimarron River
1608,CIM1,Cimarron River
1609,CIM1,Cimarron River
1610,CIM2,Cimarron River
1611,CIM2,Cimarron River
1612,CIM3,Cimarron River
1613,CIM3,Cimarron River
1614,CIM3,Cimarron River
1615,CIM3,Cimarron River
1616,CIM3,Cimarron River
1617,CIM3,Cimarron River
1618,CIM3,Cimarron River
1619,CIM3,Cimarron River
1620,CIM3,Cimarron River
1626,CIM4,Cimarron River
1627,CIM4,Cimarron River
1628,CIM4,Cimarron River
1630,CIM4,Cimarron River
1631,CIM4,Cimarron River
1633,CIM4,Cimarron River
1634,CIM4,Cimarron River
1635,CIM4,Cimarron River
1636,CIM4,Cimarron River
1637,CIM4,Cimarron River
1639,CIM4,Cimarron River
1640,CIM4,Cimarron River
1641,CIM4,Cimarron River
1642,CIM4,Cimarron River
1643,CIM4,Cimarron River
1644,CIM4,Cimarron River
1645,CIM4,Cimarron River
1646,CIM5,Cimarron River
1647,CIM5,Cimarron River
1648,CIM5,Cimarron River
1649,CIM5,Cimarron River
1650,CIM5,Cimarron River
1651,CIM5,Cimarron River
1652,CIM5,Cimarron River
1654,CIM6,Cimarron River
1655,CIM6,Cimarron River
1656,CIM6,Cimarron River
1657,CIM6,Cimarron River
1658,CIM6,Cimarron River
1659,CIM6,Cimarron River
1660,CIM6,Cimarron River
1661,CIM6,Cimarron River
1662,CIM6,Cimarron River
1670,CIM7,Cimarron River
1671,CIM7,Cimarron River
1674,CIM7,Cimarron River
1675,CIM7,Cimarron River
1676,CIM7,Cimarron River
1678,CIM7,Cimarron River
1679,CIM7,Cimarron River
1683,CIM7,Cimarron River
1684,CIM7,Cimarron River
1685,CIM7,Cimarron River
1686,CIM7,Cimarron River
1687,CIM7,Cimarron River
1688,CIM7,Cimarron River
1689,CIM7,Cimarron River
1691,CIMAB,Cimarron River
1692,CIMAB,Cimarron River
1693,CIMAB,Cimarron River
1694,CIMAB,Cimarron River
1696,CIMABRW1,Cimarron River
1697,CIMABRW1,Cimarron River
1698,CIMABRW1,Cimarron River
1699,CIMABRW1,Cimarron River
1701,CIMAD,Cimarron River
1702,CIMAD,Cimarron River
1703,CIMAD,Cimarron River
1704,CIMAD,Cimarron River
1705,CIMAD,Cimarron River
1706,CIMBB,Cimarron River
1707,CIMBB,Cimarron River
1708,CIMBB2,Cimarron River
1709,CIMBB2,Cimarron River
1710,CIMBB2,Cimarron River
1711,CIMBB2,Cimarron River
1712,CIMBB2,Cimarron River
1714,CIMDA2,Cimarron River
1715,CIMDA2,Cimarron River
1716,CIMDA2,Cimarron River
1717,CIMDA2,Cimarron River
1718,CIMDA2,Cimarron River
1719,CIMMG,Cimarron River
1720,CIMMG,Cimarron River
1721,CIMMG,Cimarron River
1722,CIMMG,Cimarron River
1723,CIMMG,Cimarron River
1724,CIMMG2,Cimarron River
1725,CIMMG2,Cimarron River
1726,CIMMG2,Cimarron River
1727,CIMMG2,Cimarron River
1728,CIMMG2,Cimarron River
1730,CIMTW2,Cimarron River
1731,CIMTW2,Cimarron River
1732,CIMTW2,Cimarron River
1733,CIMTW2,Cimarron River
1734,CIMTW2,Cimarron River
1735,CIMTW3,Cimarron River
1736,CIMTW3,Cimarron River
1737,CIMTW3,Cimarron River
1738,CIMTW3,Cimarron River
1739,CIMTW3,Cimarron River
1740,CLRH2O2,South Fork Ninnescah River
1741,CLRH2O2,South Fork Ninnescah River
1743,CNCSC,Lower Arkansas River
1744,CNCSC,Lower Arkansas River
1745,CNCSC,Lower Arkansas River
1746,CNCSC,Lower Arkansas River
1748,CNCSC,Lower Arkansas River
1749,CNCSC,Lower Arkansas River
1751,CNCSC,Lower Arkansas River
1752,CNCSC,Lower Arkansas River
1763,COON,South Fork Ninnescah River
1764,COON,South Fork Ninnescah River
1765,COON,South Fork Ninnescah River
1766,COON,South Fork Ninnescah River
1767,COW1,Lower Arkansas River
1768,COW1,Lower Arkansas River
1769,COW1,Lower Arkansas River
1770,COW1,Lower Arkansas River
1772,COW1,Lower Arkansas River
1774,COW1,Lower Arkansas River
1775,COW1,Lower Arkansas River
1776,COW1,Lower Arkansas River
1779,CRCRK1,Cimarron River
1781,CRCRK1,Cimarron River
1782,CRCRK1,Cimarron River
1783,CRCRK1,Cimarron River
1784,CRCRK1,Cimarron River
1785,CRCRK1,Cimarron River
1786,CRCRK1,Cimarron River
1787,CRCRK1,Cimarron River
1788,CRCRK1,Cimarron River
1789,CRCRK1,Cimarron River
1790,CRCRK1,Cimarron River
1791,CRCRK1,Cimarron River
1792,CRCRK1,Cimarron River
1793,CRCRK1,Cimarron River
1794,CRCRK1,Cimarron River
1795,CRCRK1,Cimarron River
1796,CRCRK1,Cimarron River
1797,CRCRK1,Cimarron River
1798,CRCRK1,Cimarron River
1799,CRCRK2,Cimarron River
1800,CRCRK2,Cimarron River
1801,CRCRK2,Cimarron River
1802,CRCRK2,Cimarron River
1803,CRCRK2,Cimarron River
1804,CRCRK2,Cimarron River
1805,CRCRK2,Cimarron River
1806,CRCRK2,Cimarron River
1807,CRCRK2,Cimarron River
1808,CRCRK2,Cimarron River
1809,CRCRK2,Cimarron River
1810,CRCRK2,Cimarron River
1811,CRCRK2,Cimarron River
1812,CRCRK2,Cimarron River
1813,CRCRK2,Cimarron River
1814,CRCRK2,Cimarron River
1815,CRCRK2,Cimarron River
1816,CRCRK2,Cimarron River
1817,CRCRK2,Cimarron River
1818,CRCRK2,Cimarron River
1819,CRCRK3,Cimarron River
1820,CRCRK3,Cimarron River
1821,CRCRK3,Cimarron River
1822,CRCRK3,Cimarron River
1823,CRCRK3,Cimarron River
1824,CRCRK3,Cimarron River
1825,CRCRK3,Cimarron River
1826,CRCRK3,Cimarron River
1827,CRCRK3,Cimarron River
1828,CRCRK3,Cimarron River
1829,CRCRK3,Cimarron River
1830,CRCRK3,Cimarron River
1831,CRCRK3,Cimarron River
1832,CRCRK3,Cimarron River
1833,CRCRK3,Cimarron River
1834,CRCRK3,Cimarron River
1835,CRCRK3,Cimarron River
1836,CRCRK3,Cimarron River
1837,CRCRK3,Cimarron River
1838,CRCRK3,Cimarron River
1840,DOG,Medicine Lodge River
1841,DOG,Medicine Lodge River
1842,DOG,Medicine Lodge River
1843,DOG,Medicine Lodge River
1844,DOG,Medicine Lodge River
1845,ELM1,Medicine Lodge River
1846,ELM1,Medicine Lodge River
1847,ELM1,Medicine Lodge River
1848,ELM1,Medicine Lodge River
1849,ELM1,Medicine Lodge River
1850,ELM1,Medicine Lodge River
1851,ELM2,Medicine Lodge River
1852,ELM2,Medicine Lodge River
1853,ELM2,Medicine Lodge River
1854,ELM2,Medicine Lodge River
1855,ELM2,Medicine Lodge River
1856,ELM2,Medicine Lodge River
1857,ELM2,Medicine Lodge River
1858,ELM2,Medicine Lodge River
1859,ELM2,Medicine Lodge River
1860,ELM2,Medicine Lodge River
1861,ENESC,Salt Fork Arkansas River
1862,ENESC,Salt Fork Arkansas River
1863,ENESC,Salt Fork Arkansas River
1865,ENESC,Salt Fork Arkansas River
1866,ENESC,Salt Fork Arkansas River
1867,ENESC,Salt Fork Arkansas River
1868,ENESC,Salt Fork Arkansas River
1870,ENESC,Salt Fork Arkansas River
1881,ETELM1,Medicine Lodge River
1882,ETELM1,Medicine Lodge River
1884,ETMLR1,Medicine Lodge River
1885,ETMLR1,Medicine Lodge River
1886,ETMLR1,Medicine Lodge River
1887,ETMLR1,Medicine Lodge River
1888,ETMLR1,Medicine Lodge River
1889,ETMLR1,Medicine Lodge River
1890,ETMLR1,Medicine Lodge River
1891,ETMLR1,Medicine Lodge River
1892,ETMLR1,Medicine Lodge River
1893,ETMLR1,Medicine Lodge River
1904,GOOSECREEKHWY11,North Fork Ninnescah River
1905,GOOSECREEKHWY11,North Fork Ninnescah River
1906,GOOSECREEKHWY11,North Fork Ninnescah River
1907,GOOSECREEKHWY11,North Fork Ninnescah River
1908,GOOSECREEKHWY11,North Fork Ninnescah River
1909,GOOSECREEKHWY11,North Fork Ninnescah River
1910,GOOSECREEKHWY11,North Fork Ninnescah River
1911,GOOSECREEKHWY11,North Fork Ninnescah River
1912,GOOSECREEKHWY11,North Fork Ninnescah River
1913,GOOSECREEKHWY11,North Fork Ninnescah River
1923,INDDS,Salt Fork Arkansas River
1924,INDDS,Salt Fork Arkansas River
1925,INDDS,Salt Fork Arkansas River
1926,INDDS,Salt Fork Arkansas River
1927,INDDS,Salt Fork Arkansas River
1928,KAWN,Lower Arkansas River
1929,KAWN,Lower Arkansas River
1930,KAWN,Lower Arkansas River
1931,KAWN,Lower Arkansas River
1932,KAWN,Lower Arkansas River
1933,KAWN,Lower Arkansas River
1934,KAWN,Lower Arkansas River
1935,KAWN,Lower Arkansas River
1936,KAWN,Lower Arkansas River
1937,KAWN,Lower Arkansas River
1948,KC160,Cimarron River
1949,KC160,Cimarron River
1950,KC160,Cimarron River
1951,KC160,Cimarron River
1952,KC160,Cimarron River
1953,KC160,Cimarron River
1954,KC160,Cimarron River
1955,KC160,Cimarron River
1956,KC160,Cimarron River
1957,KC160,Cimarron River
1968,KDOT1,South Fork Ninnescah River
1969,KDOT1,South Fork Ninnescah River
1970,KDOT1,South Fork Ninnescah River
1971,KDOT1,South Fork Ninnescah River
1973,KDOT1,South Fork Ninnescah River
1974,KDOT1,South Fork Ninnescah River
1975,KDOT1,South Fork Ninnescah River
1976,KDOT1,South Fork Ninnescah River
1988,KMCP,South Fork Ninnescah River
1989,KMCP,South Fork Ninnescah River
1990,KMCP,South Fork Ninnescah River
1991,KMCP,South Fork Ninnescah River
1992,LSMC,South Fork Ninnescah River
1993,LSMC,South Fork Ninnescah River
1994,LSMC,South Fork Ninnescah River
1995,LSMC,South Fork Ninnescah River
1996,LSMC,South Fork Ninnescah River
1997,LSMC,South Fork Ninnescah River
1998,LSMC,South Fork Ninnescah River
1999,LSMC,South Fork Ninnescah River
2000,LSMC,South Fork Ninnescah River
2001,MLPARK1,Medicine Lodge River
2002,MLPARK1,Medicine Lodge River
2003,MLPARK1,Medicine Lodge River
2004,MLPARK1,Medicine Lodge River
2005,MLPARK1,Medicine Lodge River
2006,MLPARK1,Medicine Lodge River
2007,MLPARK1,Medicine Lodge River
2008,MLPARK1,Medicine Lodge River
2009,MLPARK2,Medicine Lodge River
2010,MLPARK2,Medicine Lodge River
2011,MLPARK2,Medicine Lodge River
2012,MLPARK2,Medicine Lodge River
2013,MLPARK2,Medicine Lodge River
2014,MLPARK2,Medicine Lodge River
2015,MLPARK2,Medicine Lodge River
2016,MLPARK2,Medicine Lodge River
2017,MLPARK2,Medicine Lodge River
2018,MLPARK2,Medicine Lodge River
2021,MLR1,Medicine Lodge River
2022,MLR1,Medicine Lodge River
2023,MLR1,Medicine Lodge River
2024,MLR1,Medicine Lodge River
2025,MLR1,Medicine Lodge River
2026,MLR1,Medicine Lodge River
2027,MLR1,Medicine Lodge River
2028,MLR1,Medicine Lodge River
2029,MLR1,Medicine Lodge River
2041,MLR3,Medicine Lodge River
2041,MLR3,Medicine Lodge River
2042,MLR3,Medicine Lodge River
2042,MLR3,Medicine Lodge River
2043,MLR3,Medicine Lodge River
2043,MLR3,Medicine Lodge River
2044,MLR4,Medicine Lodge River
2045,MLR4,Medicine Lodge River
2046,MLR4,Medicine Lodge River
2047,MLR4,Medicine Lodge River
2048,MLR4,Medicine Lodge River
2049,MLR4,Medicine Lodge River
2050,MLR4,Medicine Lodge River
2051,MLR4,Medicine Lodge River
2052,MLR4,Medicine Lodge River
2053,MLR5,Medicine Lodge River
2054,MLR5,Medicine Lodge River
2055,MLR5,Medicine Lodge River
2056,MLR6,Medicine Lodge River
2057,MLR6,Medicine Lodge River
2058,MLR6,Medicine Lodge River
2059,MLR6,Medicine Lodge River
2061,MLR8,Medicine Lodge River
2062,MLR8,Medicine Lodge River
2063,MLR8,Medicine Lodge River
2064,MLR9,Medicine Lodge River
2065,MLR9,Medicine Lodge River
2066,MLR9,Medicine Lodge River
2067,MLR9,Medicine Lodge River
2068,MLR9,Medicine Lodge River
2069,MLR9,Medicine Lodge River
2070,MLR9,Medicine Lodge River
2071,MLR-A,Medicine Lodge River
2072,MLR-A,Medicine Lodge River
2073,MLR-A,Medicine Lodge River
2074,MLR-A,Medicine Lodge River
2075,MLR-A,Medicine Lodge River
2076,MLRBB,Medicine Lodge River
2077,MLRBB,Medicine Lodge River
2078,MLRBB,Medicine Lodge River
2079,MLRBB,Medicine Lodge River
2080,MLRBB,Medicine Lodge River
2081,MLRHA,Medicine Lodge River
2082,MLRHA,Medicine Lodge River
2083,MLRHA,Medicine Lodge River
2084,MLRHA,Medicine Lodge River
2085,MLRHA,Medicine Lodge River
2088,MLRLW,Medicine Lodge River
2089,MLRLW,Medicine Lodge River
2090,MLRLW,Medicine Lodge River
2091,MLRLW,Medicine Lodge River
2092,MLRLW,Medicine Lodge River
2093,MLRLW2,Medicine Lodge River
2094,MLRLW2,Medicine Lodge River
2095,MNESC,Salt Fork Arkansas River
2096,MNESC,Salt Fork Arkansas River
2097,MNESC,Salt Fork Arkansas River
2098,MNESC,Salt Fork Arkansas River
2099,MNESC,Salt Fork Arkansas River
2100,MNESC,Salt Fork Arkansas River
2101,MULE3,Salt Fork Arkansas River
2102,MULE3,Salt Fork Arkansas River
2103,MULE3,Salt Fork Arkansas River
2104,MULE3,Salt Fork Arkansas River
2105,MULE3,Salt Fork Arkansas River
2106,MULE3,Salt Fork Arkansas River
2107,MULE3,Salt Fork Arkansas River
2108,MULE3,Salt Fork Arkansas River
2109,MULE3,Salt Fork Arkansas River
2110,MULE3,Salt Fork Arkansas River
2114,MULE5,Salt Fork Arkansas River
2114,MULE5,Salt Fork Arkansas River
2115,MULE5,Salt Fork Arkansas River
2115,MULE5,Salt Fork Arkansas River
2116,MULE5,Salt Fork Arkansas River
2116,MULE5,Salt Fork Arkansas River
2117,MULEJP,Salt Fork Arkansas River
2118,MULEJP,Salt Fork Arkansas River
2120,NAT,South Fork Ninnescah River
2121,NAT,South Fork Ninnescah River
2122,NAT,South Fork Ninnescah River
2123,NAT,South Fork Ninnescah River
2124,NAT,South Fork Ninnescah River
2125,NAT,South Fork Ninnescah River
2126,NAT,South Fork Ninnescah River
2127,NAT,South Fork Ninnescah River
2128,NAT,South Fork Ninnescah River
2129,NAT,South Fork Ninnescah River
2140,NBSC1,North Fork Ninnescah River
2141,NBSC1,North Fork Ninnescah River
2142,NBSC1,North Fork Ninnescah River
2143,NBSC1,North Fork Ninnescah River
2144,NBSC1,North Fork Ninnescah River
2145,NBSC1,North Fork Ninnescah River
2146,NBSC1,North Fork Ninnescah River
2147,NBSC1,North Fork Ninnescah River
2148,NBSC1,North Fork Ninnescah River
2149,NBSC1,North Fork Ninnescah River
2158,NELM1,Medicine Lodge River
2159,NELM1,Medicine Lodge River
2160,NELM1,Medicine Lodge River
2161,NELM1,Medicine Lodge River
2162,NELM1,Medicine Lodge River
2163,NELM1,Medicine Lodge River
2164,NELM1,Medicine Lodge River
2165,NELM1,Medicine Lodge River
2166,NELM1,Medicine Lodge River
2167,NELM1,Medicine Lodge River
2178,NELM2,Medicine Lodge River
2179,NELM2,Medicine Lodge River
2180,NELM2,Medicine Lodge River
2181,NELM2,Medicine Lodge River
2183,NELM2,Medicine Lodge River
2184,NELM2,Medicine Lodge River
2185,NELM2,Medicine Lodge River
2186,NELM2,Medicine Lodge River
2187,NELM2,Medicine Lodge River
2199,NESS1,Walnut Creek
2200,NESS1,Walnut Creek
2201,NESS1,Walnut Creek
2202,NESS1,Walnut Creek
2204,NESS1,Walnut Creek
2205,NESS1,Walnut Creek
2206,NESS1,Walnut Creek
2207,NESS1,Walnut Creek
2210,NESS1,Walnut Creek
2212,NESS1,Walnut Creek
2213,NESS1,Walnut Creek
2214,NESS1,Walnut Creek
2215,NESS1,Walnut Creek
2216,NESS1,Walnut Creek
2217,NESS1,Walnut Creek
2218,NESS1,Walnut Creek
2219,NESS2,Walnut Creek
2220,NESS2,Walnut Creek
2221,NESS2,Walnut Creek
2222,NESS2,Walnut Creek
2224,NESS2,Walnut Creek
2225,NESS2,Walnut Creek
2226,NESS2,Walnut Creek
2230,NESS2,Walnut Creek
2232,NESS2,Walnut Creek
2233,NESS2,Walnut Creek
2239,NESS3,Walnut Creek
2240,NESS3,Walnut Creek
2241,NESS3,Walnut Creek
2242,NESS3,Walnut Creek
2243,NESS3,Walnut Creek
2244,NESS3,Walnut Creek
2245,NESS3,Walnut Creek
2246,NESS3,Walnut Creek
2247,NESS3,Walnut Creek
2248,NESS3,Walnut Creek
2258,NFN1,North Fork Ninnescah River
2259,NFN1,North Fork Ninnescah River
2260,NFN1,North Fork Ninnescah River
2262,NFN1,North Fork Ninnescah River
2263,NFN1,North Fork Ninnescah River
2264,NFN1,North Fork Ninnescah River
2265,NFN1,North Fork Ninnescah River
2266,NFN1,North Fork Ninnescah River
2267,NFN1,North Fork Ninnescah River
2278,NFN2,North Fork Ninnescah River
2279,NFN2,North Fork Ninnescah River
2280,NFN2,North Fork Ninnescah River
2281,NFN2,North Fork Ninnescah River
2282,NFN2,North Fork Ninnescah River
2283,NFN2,North Fork Ninnescah River
2284,NFN2,North Fork Ninnescah River
2285,NFN2,North Fork Ninnescah River
2286,NFN2,North Fork Ninnescah River
2287,NFN2,North Fork Ninnescah River
2295,NFN3,North Fork Ninnescah River
2296,NFN3,North Fork Ninnescah River
2298,NFN5,North Fork Ninnescah River
2299,NFN5,North Fork Ninnescah River
2300,NFN5,North Fork Ninnescah River
2301,NFN5,North Fork Ninnescah River
2302,NFN5,North Fork Ninnescah River
2303,NFN5,North Fork Ninnescah River
2304,NFN5,North Fork Ninnescah River
2305,NFN6,North Fork Ninnescah River
2306,NFN6,North Fork Ninnescah River
2307,NFN6,North Fork Ninnescah River
2308,NFN6,North Fork Ninnescah River
2309,NFN6,North Fork Ninnescah River
2310,NFN6,North Fork Ninnescah River
2311,NFNINN,North Fork Ninnescah River
2312,NFNINN,North Fork Ninnescah River
2313,NFNINN,North Fork Ninnescah River
2314,NFNINN,North Fork Ninnescah River
2315,NFNINN,North Fork Ninnescah River
2316,NFNINNSF,North Fork Ninnescah River
2317,NFNINNSF,North Fork Ninnescah River
2318,NFNINNSF,North Fork Ninnescah River
2319,NFNINNSF,North Fork Ninnescah River
2320,NFNINNSF,North Fork Ninnescah River
2321,NFNTS,North Fork Ninnescah River
2322,NFNTS,North Fork Ninnescah River
2323,NFNTS,North Fork Ninnescah River
2324,NFNTS,North Fork Ninnescah River
2325,NFNTS,North Fork Ninnescah River
2326,NFOLD14,North Fork Ninnescah River
2327,NFOLD14,North Fork Ninnescah River
2328,NFOLD14,North Fork Ninnescah River
2329,NFOLD14,North Fork Ninnescah River
2331,NFOLD14,North Fork Ninnescah River
2332,NFOLD14,North Fork Ninnescah River
2333,NFOLD14,North Fork Ninnescah River
2334,NFOLD14,North Fork Ninnescah River
2340,NINNR1,South Fork Ninnescah River
2341,NINNR1,South Fork Ninnescah River
2342,NINNR1,South Fork Ninnescah River
2343,NINNR1,South Fork Ninnescah River
2346,NTELM,Medicine Lodge River
2347,NTELM,Medicine Lodge River
2348,NTELM,Medicine Lodge River
2349,NTNR1,South Fork Ninnescah River
2350,NTNR1,South Fork Ninnescah River
2351,NTNR1,South Fork Ninnescah River
2352,NTNR1,South Fork Ninnescah River
2353,NTNR1,South Fork Ninnescah River
2354,NTNR1,South Fork Ninnescah River
2355,NTNR1,South Fork Ninnescah River
2356,NTNR1,South Fork Ninnescah River
2357,NTNR1,South Fork Ninnescah River
2358,NTNR1,South Fork Ninnescah River
2359,OKLA,Cimarron River
2360,OKLA,Cimarron River
2361,OKLA,Cimarron River
2362,OKLA,Cimarron River
2363,OKLA,Cimarron River
2364,PAINTER,South Fork Ninnescah River
2365,PAINTER,South Fork Ninnescah River
2366,PAINTER,South Fork Ninnescah River
2367,PAINTER,South Fork Ninnescah River
2368,PAINTER,South Fork Ninnescah River
2369,PAINTER,South Fork Ninnescah River
2370,PAINTER,South Fork Ninnescah River
2371,PAINTER,South Fork Ninnescah River
2372,PAINTER,South Fork Ninnescah River
2373,PAINTER,South Fork Ninnescah River
2384,PECK,Lower Arkansas River
2385,PECK,Lower Arkansas River
2386,PECK,Lower Arkansas River
2387,PECK,Lower Arkansas River
2388,PECK,Lower Arkansas River
2389,PECK,Lower Arkansas River
2390,QNWR1,Rattlesnake Creek
2391,QNWR1,Rattlesnake Creek
2392,QNWR1,Rattlesnake Creek
2393,QNWR1,Rattlesnake Creek
2394,QNWR1,Rattlesnake Creek
2395,QNWR1,Rattlesnake Creek
2396,QNWR1,Rattlesnake Creek
2397,QNWR1,Rattlesnake Creek
2398,QNWR1,Rattlesnake Creek
2399,QNWR2,Rattlesnake Creek
2400,QNWR2,Rattlesnake Creek
2401,QNWR3,Rattlesnake Creek
2402,QNWR3,Rattlesnake Creek
2403,QNWR3,Rattlesnake Creek
2404,QNWR3,Rattlesnake Creek
2405,QNWR3,Rattlesnake Creek
2406,QNWR3,Rattlesnake Creek
2407,QNWR3,Rattlesnake Creek
2408,QNWR4,Rattlesnake Creek
2409,QNWR4,Rattlesnake Creek
2410,QNWR4,Rattlesnake Creek
2411,QNWR4,Rattlesnake Creek
2412,QNWR4,Rattlesnake Creek
2413,QNWR4,Rattlesnake Creek
2414,QNWR4,Rattlesnake Creek
2415,QNWR4,Rattlesnake Creek
2416,QNWR4,Rattlesnake Creek
2417,QNWR4,Rattlesnake Creek
2428,QNWR5,Rattlesnake Creek
2429,QNWR5,Rattlesnake Creek
2430,QNWR5,Rattlesnake Creek
2431,QNWR5,Rattlesnake Creek
2433,QNWR5,Rattlesnake Creek
2434,QNWR5,Rattlesnake Creek
2436,QNWR5,Rattlesnake Creek
2437,QNWR5,Rattlesnake Creek
2446,QNWR6,Rattlesnake Creek
2447,QNWR6,Rattlesnake Creek
2448,QNWR6,Rattlesnake Creek
2449,QNWR6,Rattlesnake Creek
2450,QNWR6,Rattlesnake Creek
2451,QNWR6,Rattlesnake Creek
2452,QNWR6,Rattlesnake Creek
2453,QNWR6,Rattlesnake Creek
2454,QNWR6,Rattlesnake Creek
2455,QNWR6,Rattlesnake Creek
2466,QNWR7,Rattlesnake Creek
2467,QNWR7,Rattlesnake Creek
2468,QNWR7,Rattlesnake Creek
2469,QNWR7,Rattlesnake Creek
2470,QNWR7,Rattlesnake Creek
2471,QNWR7,Rattlesnake Creek
2472,QNWR8,Rattlesnake Creek
2473,QNWR8,Rattlesnake Creek
2474,QNWR8,Rattlesnake Creek
2475,QNWR8,Rattlesnake Creek
2476,QNWR8,Rattlesnake Creek
2477,QNWR8,Rattlesnake Creek
2478,QNWR8,Rattlesnake Creek
2479,QNWR8,Rattlesnake Creek
2481,RATT2016,Rattlesnake Creek
2482,RATT2016,Rattlesnake Creek
2483,RATT2016,Rattlesnake Creek
2484,RATTLE1,Rattlesnake Creek
2485,RATTLE1,Rattlesnake Creek
2486,RATTLE1,Rattlesnake Creek
2487,RATTLE1,Rattlesnake Creek
2488,RATTLE1,Rattlesnake Creek
2489,RATTLE1,Rattlesnake Creek
2490,RATTLE1,Rattlesnake Creek
2491,RATTLE1,Rattlesnake Creek
2492,RATTLE1,Rattlesnake Creek
2493,RATTLE1,Rattlesnake Creek
2504,RATTLE2,Rattlesnake Creek
2505,RATTLE2,Rattlesnake Creek
2506,RATTLE2,Rattlesnake Creek
2507,RATTLE2,Rattlesnake Creek
2508,RATTLE2,Rattlesnake Creek
2509,RATTLE2,Rattlesnake Creek
2510,RATTLE2,Rattlesnake Creek
2511,RATTLE2,Rattlesnake Creek
2512,RATTLE2,Rattlesnake Creek
2513,RATTLE2,Rattlesnake Creek
2523,RATTLE3,Rattlesnake Creek
2524,RATTLE3,Rattlesnake Creek
2525,RATTLE3,Rattlesnake Creek
2527,RATTLE3,Rattlesnake Creek
2528,RATTLE3,Rattlesnake Creek
2529,RATTLE3,Rattlesnake Creek
2530,RATTLE3,Rattlesnake Creek
2531,RATTLE3,Rattlesnake Creek
2532,RATTLE3,Rattlesnake Creek
2543,RATTLE4,Rattlesnake Creek
2544,RATTLE4,Rattlesnake Creek
2545,RATTLE4,Rattlesnake Creek
2546,RATTLE4,Rattlesnake Creek
2548,RATTLE4,Rattlesnake Creek
2549,RATTLE4,Rattlesnake Creek
2550,RATTLE4,Rattlesnake Creek
2551,RATTLE4,Rattlesnake Creek
2554,RATTLE5,Rattlesnake Creek
2555,RATTLE5,Rattlesnake Creek
2556,RATTLE5,Rattlesnake Creek
2557,RATTLE5,Rattlesnake Creek
2558,RATTLE6,Rattlesnake Creek
2559,RATTLE6,Rattlesnake Creek
2560,RATTLE6,Rattlesnake Creek
2561,RATTLE6,Rattlesnake Creek
2562,RATTLE6,Rattlesnake Creek
2563,RATTLE6,Rattlesnake Creek
2564,RATTLE6,Rattlesnake Creek
2565,RATTLE6,Rattlesnake Creek
2566,RATTLE6,Rattlesnake Creek
2567,RATTLE6,Rattlesnake Creek
2579,RATTLE7,Rattlesnake Creek
2580,RATTLE7,Rattlesnake Creek
2581,RATTLE7,Rattlesnake Creek
2582,RATTLE7,Rattlesnake Creek
2583,RATTLE7,Rattlesnake Creek
2584,RATTLE7,Rattlesnake Creek
2585,RATTLE7,Rattlesnake Creek
2586,RATTLE7,Rattlesnake Creek
2587,RATTLE7,Rattlesnake Creek
2589,RATTLE8,Rattlesnake Creek
2590,RATTLE8,Rattlesnake Creek
2591,RATTLE8,Rattlesnake Creek
2592,RATTLE8,Rattlesnake Creek
2594,RATTLE8,Rattlesnake Creek
2595,RATTLE8,Rattlesnake Creek
2596,RATTLE8,Rattlesnake Creek
2597,RATTLE8,Rattlesnake Creek
2599,RATTLE9,Rattlesnake Creek
2600,RATTLE9,Rattlesnake Creek
2601,RRC,North Fork Ninnescah River
2602,RRC,North Fork Ninnescah River
2603,RRC,North Fork Ninnescah River
2604,RRC,North Fork Ninnescah River
2605,RRC,North Fork Ninnescah River
2606,RRC,North Fork Ninnescah River
2607,RRC,North Fork Ninnescah River
2608,RRC,North Fork Ninnescah River
2611,SAND1,Chikaskia River
2612,SAND1,Chikaskia River
2613,SAND1,Chikaskia River
2614,SAND1,Chikaskia River
2615,SAND1,Chikaskia River
2616,SAND1,Chikaskia River
2617,SAND1,Chikaskia River
2618,SAND1,Chikaskia River
2619,SAND1,Chikaskia River
2625,SAND2,Chikaskia River
2626,SAND2,Chikaskia River
2627,SAND2,Chikaskia River
2628,SAND2,Chikaskia River
2629,SAND2,Chikaskia River
2630,SAND2,Chikaskia River
2631,SAND2,Chikaskia River
2632,SAND2,Chikaskia River
2633,SAND2,Chikaskia River
2634,SAND3,Chikaskia River
2635,SAND3,Chikaskia River
2636,SAND3,Chikaskia River
2637,SAND3,Chikaskia River
2639,SAND3,Chikaskia River
2640,SAND3,Chikaskia River
2641,SAND3,Chikaskia River
2642,SAND3,Chikaskia River
2643,SAND3,Chikaskia River
2644,SANDKM,South Fork Ninnescah River
2645,SANDKM,South Fork Ninnescah River
2646,SANDKM,South Fork Ninnescah River
2647,SANDKM,South Fork Ninnescah River
2648,SANDKM,South Fork Ninnescah River
2649,SANDSG,South Fork Ninnescah River
2650,SANDSG,South Fork Ninnescah River
2651,SANDSG,South Fork Ninnescah River
2652,SANDSG,South Fork Ninnescah River
2654,SANDSG,South Fork Ninnescah River
2655,SANDSG,South Fork Ninnescah River
2656,SANDSG,South Fork Ninnescah River
2657,SANDSG,South Fork Ninnescah River
2669,SFARDJ,Salt Fork Arkansas River
2670,SFARDJ,Salt Fork Arkansas River
2671,SFARDJ,Salt Fork Arkansas River
2672,SFARDJ,Salt Fork Arkansas River
2673,SFARDJ,Salt Fork Arkansas River
2677,SFN1,South Fork Ninnescah River
2678,SFN1,South Fork Ninnescah River
2679,SFN1,South Fork Ninnescah River
2680,SFN1,South Fork Ninnescah River
2682,SFN1,South Fork Ninnescah River
2683,SFN1,South Fork Ninnescah River
2684,SFN1,South Fork Ninnescah River
2685,SFN1,South Fork Ninnescah River
2697,SFNDB,South Fork Ninnescah River
2698,SFNDB,South Fork Ninnescah River
2699,SFNJM,South Fork Ninnescah River
2700,SFNJM,South Fork Ninnescah River
2701,SFNJM,South Fork Ninnescah River
2702,SFNJM,South Fork Ninnescah River
2703,SFNJM,South Fork Ninnescah River
2704,SFNMB,South Fork Ninnescah River
2705,SFNMB,South Fork Ninnescah River
2706,SFNMB,South Fork Ninnescah River
2707,SFNMB,South Fork Ninnescah River
2708,SFNR1,South Fork Ninnescah River
2709,SFNR1,South Fork Ninnescah River
2710,SFNR1,South Fork Ninnescah River
2711,SFNR1,South Fork Ninnescah River
2712,SFNR1,South Fork Ninnescah River
2713,SFNR1,South Fork Ninnescah River
2714,SFNR1,South Fork Ninnescah River
2715,SFNR1,South Fork Ninnescah River
2716,SFNR1,South Fork Ninnescah River
2717,SFNR1,South Fork Ninnescah River
2728,SFNR2,South Fork Ninnescah River
2729,SFNR2,South Fork Ninnescah River
2730,SFNR2,South Fork Ninnescah River
2731,SFNR2,South Fork Ninnescah River
2732,SFNR2,South Fork Ninnescah River
2733,SFNR2,South Fork Ninnescah River
2734,SFNR3,South Fork Ninnescah River
2735,SFNR3,South Fork Ninnescah River
2736,SFNR3,South Fork Ninnescah River
2738,SFNR4,South Fork Ninnescah River
2739,SFNR4,South Fork Ninnescah River
2740,SFNR4,South Fork Ninnescah River
2741,SFNR4,South Fork Ninnescah River
2742,SFNR4,South Fork Ninnescah River
2743,SFNR4,South Fork Ninnescah River
2744,SFNR4,South Fork Ninnescah River
2745,SFNR4,South Fork Ninnescah River
2746,SFNR4,South Fork Ninnescah River
2757,SFNR5,South Fork Ninnescah River
2758,SFNR5,South Fork Ninnescah River
2759,SFNR5,South Fork Ninnescah River
2760,SFNR5,South Fork Ninnescah River
2761,SFNR5,South Fork Ninnescah River
2762,SFNR5,South Fork Ninnescah River
2763,SFNR5,South Fork Ninnescah River
2764,SFNR6,South Fork Ninnescah River
2765,SFNR6,South Fork Ninnescah River
2766,SFNR6,South Fork Ninnescah River
2767,SFNR6,South Fork Ninnescah River
2768,SFNR6,South Fork Ninnescah River
2769,SFNR6,South Fork Ninnescah River
2770,SFNR6,South Fork Ninnescah River
2771,SFNR6,South Fork Ninnescah River
2772,SFNR6,South Fork Ninnescah River
2773,SFNR6,South Fork Ninnescah River
2778,SFNR7,South Fork Ninnescah River
2779,SFNR7,South Fork Ninnescah River
2780,SFNR7,South Fork Ninnescah River
2781,SFNR7,South Fork Ninnescah River
2782,SFNR8,South Fork Ninnescah River
2783,SFNR8,South Fork Ninnescah River
2784,SFNR8,South Fork Ninnescah River
2785,SFNR8,South Fork Ninnescah River
2786,SFNR8,South Fork Ninnescah River
2787,SFNR8,South Fork Ninnescah River
2788,SFNR8,South Fork Ninnescah River
2789,SFNR8,South Fork Ninnescah River
2790,SILVER01,North Fork Ninnescah River
2791,SILVER01,North Fork Ninnescah River
2792,SILVER01,North Fork Ninnescah River
2793,SILVER01,North Fork Ninnescah River
2794,SILVER01,North Fork Ninnescah River
2795,SILVER01,North Fork Ninnescah River
2796,SILVER01,North Fork Ninnescah River
2797,SILVER01,North Fork Ninnescah River
2798,SILVER01,North Fork Ninnescah River
2799,SILVERH2O,North Fork Ninnescah River
2800,SILVERH2O,North Fork Ninnescah River
2801,SILVERH2O,North Fork Ninnescah River
2802,SILVERH2O,North Fork Ninnescah River
2803,SILVERH2O,North Fork Ninnescah River
2804,SILVERH2O,North Fork Ninnescah River
2805,SILVERH2O,North Fork Ninnescah River
2806,SILVERH2O,North Fork Ninnescah River
2807,SILVERH2O,North Fork Ninnescah River
2808,SILVERH2O,North Fork Ninnescah River
2819,SLATE1,Lower Arkansas River
2820,SLATE1,Lower Arkansas River
2821,SLATE1,Lower Arkansas River
2822,SLATE2,Lower Arkansas River
2823,SLATE2,Lower Arkansas River
2824,SLATE2,Lower Arkansas River
2825,SLATE3,Lower Arkansas River
2826,SLATE3,Lower Arkansas River
2827,SLATE4,Lower Arkansas River
2828,SLATE4,Lower Arkansas River
2829,SLATE4,Lower Arkansas River
2831,SLATE4,Lower Arkansas River
2832,SLATE4,Lower Arkansas River
2833,SLATE4,Lower Arkansas River
2834,SLATE4,Lower Arkansas River
2835,SLATE4,Lower Arkansas River
2836,SLATE4,Lower Arkansas River
2845,SNAKE,Cimarron River
2846,SNAKE,Cimarron River
2847,SNAKE,Cimarron River
2848,SOLD,Medicine Lodge River
2849,SOLD,Medicine Lodge River
2850,SOLD,Medicine Lodge River
2851,SOLD,Medicine Lodge River
2852,SOLD,Medicine Lodge River
2853,SPNGR1,Spring River
2854,SPNGR1,Spring River
2855,SPNGR1,Spring River
2856,SPNGR1,Spring River
2857,SPNGR1,Spring River
2858,SPNGR1,Spring River
2859,SPNGR1,Spring River
2860,SPNGR1,Spring River
2861,SPNGR1,Spring River
2862,SPNGR1,Spring River
2865,SPRINGSG,South Fork Ninnescah River
2866,SPRINGSG,South Fork Ninnescah River
2867,SPRINGSG,South Fork Ninnescah River
2868,SPRINGSG,South Fork Ninnescah River
2869,SPRINGSG,South Fork Ninnescah River
2870,SPRINGSG,South Fork Ninnescah River
2871,SPRINGSG,South Fork Ninnescah River
2872,SPRINGSG,South Fork Ninnescah River
2873,SPRINGSG,South Fork Ninnescah River
2874,SPRINGSG,South Fork Ninnescah River
2875,STSC1,Spring River
2876,STSC1,Spring River
2877,STSC1,Spring River
2878,STSC1,Spring River
2881,STSC1,Spring River
2882,STSC1,Spring River
2883,STSC1,Spring River
2885,TBSY,Cimarron River
2886,TBSY,Cimarron River
2887,TCHA,Medicine Lodge River
2888,TCHA,Medicine Lodge River
2889,TCHA,Medicine Lodge River
2890,TCHA,Medicine Lodge River
2891,TCHA,Medicine Lodge River
2892,TEASLY,South Fork Ninnescah River
2893,TEASLY,South Fork Ninnescah River
2894,TEASLY,South Fork Ninnescah River
2895,TEASLY,South Fork Ninnescah River
2896,TEASLY,South Fork Ninnescah River
2897,TNFN1,North Fork Ninnescah River
2898,TNFN1,North Fork Ninnescah River
2899,TNFN1,North Fork Ninnescah River
2900,TNFN1,North Fork Ninnescah River
2901,TNFN1,North Fork Ninnescah River
2902,TNFN1,North Fork Ninnescah River
2903,TNFN1,North Fork Ninnescah River
2904,TNFN1,North Fork Ninnescah River
2905,TNFN1,North Fork Ninnescah River
2906,TNFN1,North Fork Ninnescah River
2917,TNFNHWY50,North Fork Ninnescah River
2918,TNFNHWY50,North Fork Ninnescah River
2919,TNFNHWY50,North Fork Ninnescah River
2920,TNFNHWY50,North Fork Ninnescah River
2921,TNFNHWY50,North Fork Ninnescah River
2922,TNFNHWY50,North Fork Ninnescah River
2923,TNFNHWY50,North Fork Ninnescah River
2924,TNFNHWY50,North Fork Ninnescah River
2925,TNFNHWY50,North Fork Ninnescah River
2926,TNFNHWY50,North Fork Ninnescah River
2932,TURKY,Medicine Lodge River
2933,TURKY,Medicine Lodge River
2934,TURKY,Medicine Lodge River
2935,TURKY,Medicine Lodge River
2936,TURKY,Medicine Lodge River
2937,TURKY,Medicine Lodge River
2938,TURKY,Medicine Lodge River
2939,TURKY,Medicine Lodge River
2940,TURKY,Medicine Lodge River
2941,TURKY,Medicine Lodge River
2952,USMC,South Fork Ninnescah River
2953,USMC,South Fork Ninnescah River
2954,USMC,South Fork Ninnescah River
2955,USMC,South Fork Ninnescah River
2956,USMC,South Fork Ninnescah River
2957,USMC,South Fork Ninnescah River
2958,USMC,South Fork Ninnescah River
2959,USMC,South Fork Ninnescah River
2960,USMC,South Fork Ninnescah River
2961,USMC,South Fork Ninnescah River
2972,WALNUT,Lower Arkansas River
2973,WALNUT,Lower Arkansas River
2974,WALNUT,Lower Arkansas River
2975,WALNUT,Lower Arkansas River
2976,WALNUT,Lower Arkansas River
2977,WALNUT,Lower Arkansas River
2978,WALNUT,Lower Arkansas River
2979,WALNUT,Lower Arkansas River
2980,WELM,Medicine Lodge River
2981,WELM,Medicine Lodge River
2982,WELM,Medicine Lodge River
2983,WELM,Medicine Lodge River
2984,WELM,Medicine Lodge River
2985,WOLF01,North Fork Ninnescah River
2986,WOLF01,North Fork Ninnescah River
2987,WOLF01,North Fork Ninnescah River
2988,WOLF01,North Fork Ninnescah River
2989,WOLF01,North Fork Ninnescah River
2990,WOLF01,North Fork Ninnescah River
2991,WOLF01,North Fork Ninnescah River
2992,WOLF01,North Fork Ninnescah River
2994,WSU1,South Fork Ninnescah River
2995,WSU1,South Fork Ninnescah River
2996,WSU1,South Fork Ninnescah River
2997,WSU1,South Fork Ninnescah River
2998,WSU1,South Fork Ninnescah River
2999,WSU1,South Fork Ninnescah River
3000,WSU1,South Fork Ninnescah River
3001,WSU1,South Fork Ninnescah River
3002,WSU1,South Fork Ninnescah River
3003,WSU1,South Fork Ninnescah River
3014,WSU2,South Fork Ninnescah River
3015,WSU2,South Fork Ninnescah River
3016,WSU2,South Fork Ninnescah River
3017,WSU2,South Fork Ninnescah River
3018,WSU2,South Fork Ninnescah River
3019,WSU3,South Fork Ninnescah River
3020,WSU3,South Fork Ninnescah River
3021,WSU3,South Fork Ninnescah River
3022,WSU3,South Fork Ninnescah River
3023,WSU3,South Fork Ninnescah River
3024,WSU3,South Fork Ninnescah River
3025,WSU3,South Fork Ninnescah River
3026,WSU3,South Fork Ninnescah River
3027,WSU3,South Fork Ninnescah River
3028,WSU3,South Fork Ninnescah River
3039,WSU4,South Fork Ninnescah River
3040,WSU4,South Fork Ninnescah River
3041,WSU4,South Fork Ninnescah River
3042,WSU4,South Fork Ninnescah River
3043,WSU4,South Fork Ninnescah River
3044,WSU4,South Fork Ninnescah River
3045,WSU4,South Fork Ninnescah River
3046,WSU4,South Fork Ninnescah River
3047,WSU4,South Fork Ninnescah River
3048,WSU4,South Fork Ninnescah River
3059,ZANG,South Fork Ninnescah River
3060,ZANG,South Fork Ninnescah River
3061,ZANG,South Fork Ninnescah River
3062,ZANG,South Fork Ninnescah River
3063,ZANG,South Fork Ninnescah River
3064,ZANG,South Fork Ninnescah River
3065,ZANG,South Fork Ninnescah River
3066,ZANG,South Fork Ninnescah River
3067,ZANG,South Fork Ninnescah River
3068,ZANG,South Fork Ninnescah River
3080,ZBAR1,Salt Fork Arkansas River
3081,ZBAR2,Salt Fork Arkansas River
3082,ZBAR2,Salt Fork Arkansas River
3083,ZBAR2,Salt Fork Arkansas River
3084,ZBAR2,Salt Fork Arkansas River
3085,ZBAR2,Salt Fork Arkansas River
3086,ZBAR2,Salt Fork Arkansas River
Ecr013,JCC,Upper Arkansas River
Ecr014,JCC,Upper Arkansas River
Ecr015,JCC,Upper Arkansas River
Ecr020,JCC,Upper Arkansas River
Ecr021,JCC,Upper Arkansas River
Ecr022,JCC,Upper Arkansas River
Ecr023,JCC,Upper Arkansas River
Ecr027,JCC,Upper Arkansas River
Ecr029,JCC,Upper Arkansas River
Ecr035,BSC,Big Sandy / Rush Creeks
Ecr036,BSC,Big Sandy / Rush Creeks
Ecr039,BSC,Big Sandy / Rush Creeks
Ecr044,BSC,Big Sandy / Rush Creeks
Ecr046,BSC,Big Sandy / Rush Creeks
Ecr047,BSC,Big Sandy / Rush Creeks
Ecr063,UTFC,Upper Arkansas River
Ecr066,UTFC,Upper Arkansas River
Ecr067,UTFC,Upper Arkansas River
Ecr069,UTFC,Upper Arkansas River
Ecr071,UTFC,Upper Arkansas River
Ecr072,UTFC,Upper Arkansas River
Ecr074,UTFC,Upper Arkansas River
Ecr075,UTFC,Upper Arkansas River
Ecr076,UTFC,Upper Arkansas River
Ecr077,UTFC,Upper Arkansas River
Ecr078,UTFC,Upper Arkansas River
Ecr324,BFC,Middle Arkansas River
Ecr326,BFC,Middle Arkansas River
Ecr330,BFC,Middle Arkansas River
Ecr331,BFC,Middle Arkansas River
Ecr332,BFC,Middle Arkansas River
Ecr333,BFC,Middle Arkansas River
Ecr334,BFC,Middle Arkansas River
Ecr335,BFC,Middle Arkansas River
Ecr336,BFC,Middle Arkansas River
Ecr338,BFC,Middle Arkansas River
Ecr340,BFC,Middle Arkansas River
Ecr341,BFC,Middle Arkansas River
Ecr401,RSHC,Big Sandy / Rush Creeks
Ecr402,RSHC,Big Sandy / Rush Creeks
Ecr403,RSHC,Big Sandy / Rush Creeks
Ecr404,RSHC,Big Sandy / Rush Creeks
Ecr405,RSHC,Big Sandy / Rush Creeks
Ecr406,RSHC,Big Sandy / Rush Creeks
Ecr407,RSHC,Big Sandy / Rush Creeks
Ecr410,RSHC,Big Sandy / Rush Creeks
Ecr411,RSHC,Big Sandy / Rush Creeks
Ecr412,RSHC,Big Sandy / Rush Creeks
Ecr413,RSHC,Big Sandy / Rush Creeks
HESPR1,HESPR,Illinois River
HESPR10,HESPR,Illinois River
HESPR2,HESPR,Illinois River
HESPR3,HESPR,Illinois River
HESPR4,HESPR,Illinois River
HESPR5,HESPR,Illinois River
HESPR6,HESPR,Illinois River
HESPR7,HESPR,Illinois River
HESPR8,HESPR,Illinois River
HESPR9,HESPR,Illinois River
LIBR1,LIBR,Illinois River
LIBR10,LIBR,Illinois River
LIBR2,LIBR,Illinois River
LIBR3,LIBR,Illinois River
LIBR4,LIBR,Illinois River
LIBR5,LIBR,Illinois River
LIBR6,LIBR,Illinois River
LIBR7,LIBR,Illinois River
LIBR8,LIBR,Illinois River
LIBR9,LIBR,Illinois River
PAHO1,PAHO,Illinois River
PAHO10,PAHO,Illinois River
PAHO2,PAHO,Illinois River
PAHO3,PAHO,Illinois River
PAHO4,PAHO,Illinois River
PAHO5,PAHO,Illinois River
PAHO6,PAHO,Illinois River
PAHO7,PAHO,Illinois River
PAHO8,PAHO,Illinois River
PAHO9,PAHO,Illinois River
SVGC1,SVGC,Illinois River
SVGC10,SVGC,Illinois River
SVGC2,SVGC,Illinois River
SVGC3,SVGC,Illinois River
SVGC4,SVGC,Illinois River
SVGC5,SVGC,Illinois River
SVGC6,SVGC,Illinois River
SVGC7,SVGC,Illinois River
SVGC8,SVGC,Illinois River
SVGC9,SVGC,Illinois River
TUSPR1,TUSPR,Illinois River
TUSPR10,TUSPR,Illinois River
TUSPR2,TUSPR,Illinois River
TUSPR3,TUSPR,Illinois River
TUSPR4,TUSPR,Illinois River
TUSPR5,TUSPR,Illinois River
TUSPR6,TUSPR,Illinois River
TUSPR7,TUSPR,Illinois River
TUSPR8,TUSPR,Illinois River
TUSPR9,TUSPR,Illinois River
WISPR10,WISPR,Illinois River
WISPR5,WISPR,Illinois River
WISPR6,WISPR,Illinois River
WISPR7,WISPR,Illinois River
WISPR8,WISPR,Illinois River
WISPR9,WISPR,Illinois River